{
    "CORPUS_PERPLEXITY_WITH_CONTEXT": 100.31341843991295,
    "CORPUS_PERPLEXITY_WITHOUT_CONTEXT": 69.30788105065719,
    "AVERAGE_PERPLEXITY_WITH_CONTEXT": 877.3238697466672,
    "AVERAGE_PERPLEXITY_WITHOUT_CONTEXT": 2499.1213336102487,
    "AVERAGE_PERPLEXITY_DELTA": 1621.7974638635815,
    "AVERAGE_PERCENT_PERPLEXITY_DELTA": -5.430824629176822
}
