{
    "CORPUS_PERPLEXITY_WITH_CONTEXT": 216.1040398135968,
    "CORPUS_PERPLEXITY_WITHOUT_CONTEXT": 642.1206360269773,
    "AVERAGE_PERPLEXITY_WITH_CONTEXT": 15693.262719609342,
    "AVERAGE_PERPLEXITY_WITHOUT_CONTEXT": 128052378.61798044,
    "AVERAGE_PERPLEXITY_DELTA": 128036685.35525599,
    "AVERAGE_PERCENT_PERPLEXITY_DELTA": 0.1818464932468052
}