{
    "CORPUS_PERPLEXITY_WITH_CONTEXT": 310.1291396530602,
    "CORPUS_PERPLEXITY_WITHOUT_CONTEXT": 75.12671712198483,
    "AVERAGE_PERPLEXITY_WITH_CONTEXT": 6777.754122564691,
    "AVERAGE_PERPLEXITY_WITHOUT_CONTEXT": 949.3083707069318,
    "AVERAGE_PERPLEXITY_DELTA": -5828.445751857759,
    "AVERAGE_PERCENT_PERPLEXITY_DELTA": -45.152473672134604
}