{
    "CORPUS_PERPLEXITY_WITH_CONTEXT": 516.2490700934597,
    "CORPUS_PERPLEXITY_WITHOUT_CONTEXT": 743.8644109326121,
    "AVERAGE_PERPLEXITY_WITH_CONTEXT": 3495.533827670661,
    "AVERAGE_PERPLEXITY_WITHOUT_CONTEXT": 14399.200118180726,
    "AVERAGE_PERPLEXITY_DELTA": 10903.666290510066,
    "AVERAGE_PERCENT_PERPLEXITY_DELTA": -0.03792530928435105
}