global_step,eval_loss,train_loss
10000,2.952038998622733,3.131757974624634
20000,2.826201611101273,3.68625807762146
30000,2.7285864447148316,3.3272414207458496
40000,2.6719691104258807,2.7042806148529053
40251,2.6737536029577558,2.906423568725586
